id;nombre_empresa;direccion;localidad;codigo_postal;provincia;telefono;correo;logo_principal;logo_principal_content_type;fecha_inicio_actividad
1;mobile Fish;Home Loan Account Table Computer;Trace;33370;SAN_LUIS;transmitter Implementation Electronics;;../fake-data/blob/hipster.png;image/png;2019-11-29
2;intangible;enable Gorgeous Frozen Pants;Common;78517;SANTA_FE;Refined Rubber Chicken Table;;../fake-data/blob/hipster.png;image/png;2019-11-28
3;South Dakota envisioneer Music;Nakfa;Bahamian Dollar Investment Account;83319;LA_RIOJA;Tuna;;../fake-data/blob/hipster.png;image/png;2019-11-29
4;Facilitator;Views e-enable Communications;National Awesome sky blue;4522;FORMOSA;compelling mission-critical;;../fake-data/blob/hipster.png;image/png;2019-11-29
5;Industrial;index orange;Jewelery;19884;BUENOS_AIRES;deposit Internal;;../fake-data/blob/hipster.png;image/png;2019-11-29
6;pixel withdrawal;Mississippi embrace Developer;synthesize Idaho compress;49379;CATAMARCA;Grocery;;../fake-data/blob/hipster.png;image/png;2019-11-28
7;Harbor Montana;Corporate Phased relationships;white Brand Money Market Account;69478;SANTA_FE;modular Refined Squares;;../fake-data/blob/hipster.png;image/png;2019-11-28
8;Ghana back-end National;Direct;Profit-focused;42710;JUJUY;Games;;../fake-data/blob/hipster.png;image/png;2019-11-28
9;encompassing;Directives;sky blue;55810;NEUQUEN;card Plastic;;../fake-data/blob/hipster.png;image/png;2019-11-29
