id;nombre;direccion_de_entrega;localidad;notas
1;Facilitator transmit;Iowa;Refined withdrawal copy;../fake-data/blob/hipster.txt
2;Kuwaiti Dinar solid state program;help-desk SAS embrace;Nigeria;../fake-data/blob/hipster.txt
3;firmware;seamless mesh;disintermediate Jordan Savings Account;../fake-data/blob/hipster.txt
4;deploy Advanced;New Mexico;Pakistan Rupee;../fake-data/blob/hipster.txt
5;connect Berkshire;XSS Suriname;Lead cross-platform;../fake-data/blob/hipster.txt
6;enable;Moldova Operative;Investment Account generate;../fake-data/blob/hipster.txt
7;synthesize capacitor Andorra;violet Outdoors deposit;Functionality invoice streamline;../fake-data/blob/hipster.txt
8;Applications;yellow Shoes;Open-source multi-tasking;../fake-data/blob/hipster.txt
9;Data;Moldova archive;monitor morph;../fake-data/blob/hipster.txt
10;networks Granite Computer;CSS haptic Fish;Licensed;../fake-data/blob/hipster.txt
